{
"lengthUnit": "mil",
"remark": [],
"components": {
	"fields": ["COMPONENT_NO", "COMPONENT_NAME", "LAYER", "X_COORDINATE", "Y_COORDINATE", "ANGLE"],
	"rows": [
		[1, "R4", "T", 385, -445, 90],
		[2, "R5", "T", 385, -635, 90],
		[3, "U3", "B", -47.2441, 0, 270],
		[4, "U4", "T", 251.1811, -1198.8189, 180],
		[5, "PAD1", "T", 51.1811, -1198.8189, 0],
		[6, "PAD1", "B", 51.1811, -1198.8189, 0],
		[7, "PAD2", "T", 151.1811, -1198.8189, 0],
		[8, "PAD2", "B", 151.1811, -1198.8189, 0],
		[9, "PAD3", "T", 251.1811, -1198.8189, 0],
		[10, "PAD3", "B", 251.1811, -1198.8189, 0],
		[11, "PAD4", "T", 351.1811, -1198.8189, 0],
		[12, "PAD4", "B", 351.1811, -1198.8189, 0],
		[13, "PAD5", "T", 451.1811, -1198.8189, 0],
		[14, "PAD5", "B", 451.1811, -1198.8189, 0],
		[15, "PAD6", "T", 385, -405.63, 0],
		[16, "PAD7", "T", 385, -484.37, 0],
		[17, "PAD8", "T", 385, -595.63, 0],
		[18, "PAD9", "T", 385, -674.37, 0],
		[19, "PAD10", "B", 523.622, -140.9449, 0],
		[20, "PAD11", "B", 523.622, -211.811, 0],
		[21, "PAD12", "B", 523.622, -282.6772, 0],
		[22, "PAD13", "B", 523.622, -353.5433, 0],
		[23, "PAD14", "B", 523.622, -424.4094, 0]
	]
},
"pins": {
	"fields": ["PIN_NO", "PIN_NAME", "PIN_X", "PIN_Y", "LAYER", "PIN_TYPE", "NET_NAME", "NET_TYPE", "PAD_SHAPE", "PAD_SIZEX", "PAD_SIZEY", "HOLE_SIZE", "HOLE_LEN", "PAD_ANGLE"],
	"rows": [
		[1, "R4_1", 385, -484.37, "T", "SMD", "VCC", "", "R", 44.588, 54.213, 0, 0, 90],
		[2, "R4_2", 385, -405.63, "T", "SMD", "CLK", "", "R", 44.588, 54.213, 0, 0, 90],
		[3, "R5_1", 385, -674.37, "T", "SMD", "VCC", "", "R", 44.588, 54.213, 0, 0, 90],
		[4, "R5_2", 385, -595.63, "T", "SMD", "DAT", "", "R", 44.588, 54.213, 0, 0, 90],
		[5, "U3_1", 523.622, -140.9449, "B", "SMD", "GND", "GND", "R", 39.3701, 78.7402, 0, 0, 270],
		[6, "U3_2", 523.622, -211.811, "B", "SMD", "DAT", "", "R", 39.3701, 78.7402, 0, 0, 270],
		[7, "U3_3", 523.622, -282.6772, "B", "SMD", "CLK", "", "R", 39.3701, 78.7402, 0, 0, 270],
		[8, "U3_4", 523.622, -353.5433, "B", "SMD", "RST", "", "R", 39.3701, 78.7402, 0, 0, 270],
		[9, "U3_5", 523.622, -424.4094, "B", "SMD", "VCC", "", "R", 39.3701, 78.7402, 0, 0, 270],
		[10, "U3_6", 523.622, -495.2756, "B", "SMD", "NET_1", "", "R", 39.3701, 78.7402, 0, 0, 270],
		[11, "U3_7", 523.622, -566.1417, "B", "SMD", "NET_2", "", "R", 39.3701, 78.7402, 0, 0, 270],
		[12, "U3_8", 523.622, -637.0079, "B", "SMD", "NET_3", "", "R", 39.3701, 78.7402, 0, 0, 270],
		[13, "U4_1", 451.1811, -1198.8189, "T", "DIP", "RST", "", "C", 59.055, 59.055, 35.433, 35.433, 180],
		[14, "U4_1", 451.1811, -1198.8189, "B", "DIP", "RST", "", "C", 59.055, 59.055, 35.433, 35.433, 180],
		[15, "U4_2", 351.1811, -1198.8189, "T", "DIP", "GND", "GND", "C", 59.055, 59.055, 35.433, 35.433, 180],
		[16, "U4_2", 351.1811, -1198.8189, "B", "DIP", "GND", "GND", "C", 59.055, 59.055, 35.433, 35.433, 180],
		[17, "U4_3", 251.1811, -1198.8189, "T", "DIP", "VCC", "", "C", 59.055, 59.055, 35.433, 35.433, 180],
		[18, "U4_3", 251.1811, -1198.8189, "B", "DIP", "VCC", "", "C", 59.055, 59.055, 35.433, 35.433, 180],
		[19, "U4_4", 151.1811, -1198.8189, "T", "DIP", "DAT", "", "C", 59.055, 59.055, 35.433, 35.433, 180],
		[20, "U4_4", 151.1811, -1198.8189, "B", "DIP", "DAT", "", "C", 59.055, 59.055, 35.433, 35.433, 180],
		[21, "U4_5", 51.1811, -1198.8189, "T", "DIP", "CLK", "", "C", 59.055, 59.055, 35.433, 35.433, 180],
		[22, "U4_5", 51.1811, -1198.8189, "B", "DIP", "CLK", "", "C", 59.055, 59.055, 35.433, 35.433, 180],
		[23, "PAD1_5", 51.1811, -1198.8189, "T", "DIP", "CLK", "", "C", 59.055, 59.055, 35.433, 35.433, 180],
		[24, "PAD1_5", 51.1811, -1198.8189, "B", "DIP", "CLK", "", "C", 59.055, 59.055, 35.433, 35.433, 180],
		[25, "PAD2_4", 151.1811, -1198.8189, "T", "DIP", "DAT", "", "C", 59.055, 59.055, 35.433, 35.433, 180],
		[26, "PAD2_4", 151.1811, -1198.8189, "B", "DIP", "DAT", "", "C", 59.055, 59.055, 35.433, 35.433, 180],
		[27, "PAD3_3", 251.1811, -1198.8189, "T", "DIP", "VCC", "", "C", 59.055, 59.055, 35.433, 35.433, 180],
		[28, "PAD3_3", 251.1811, -1198.8189, "B", "DIP", "VCC", "", "C", 59.055, 59.055, 35.433, 35.433, 180],
		[29, "PAD4_2", 351.1811, -1198.8189, "T", "DIP", "GND", "GND", "C", 59.055, 59.055, 35.433, 35.433, 180],
		[30, "PAD4_2", 351.1811, -1198.8189, "B", "DIP", "GND", "GND", "C", 59.055, 59.055, 35.433, 35.433, 180],
		[31, "PAD5_1", 451.1811, -1198.8189, "T", "DIP", "RST", "", "C", 59.055, 59.055, 35.433, 35.433, 180],
		[32, "PAD5_1", 451.1811, -1198.8189, "B", "DIP", "RST", "", "C", 59.055, 59.055, 35.433, 35.433, 180],
		[33, "PAD6_2", 385, -405.63, "T", "SMD", "CLK", "", "R", 44.588, 54.213, 0, 0, 90],
		[34, "PAD7_1", 385, -484.37, "T", "SMD", "VCC", "", "R", 44.588, 54.213, 0, 0, 90],
		[35, "PAD8_2", 385, -595.63, "T", "SMD", "DAT", "", "R", 44.588, 54.213, 0, 0, 90],
		[36, "PAD9_1", 385, -674.37, "T", "SMD", "VCC", "", "R", 44.588, 54.213, 0, 0, 90],
		[37, "PAD10_1", 523.622, -140.9449, "B", "SMD", "GND", "GND", "R", 39.3701, 78.7402, 0, 0, 270],
		[38, "PAD11_2", 523.622, -211.811, "B", "SMD", "DAT", "", "R", 39.3701, 78.7402, 0, 0, 270],
		[39, "PAD12_3", 523.622, -282.6772, "B", "SMD", "CLK", "", "R", 39.3701, 78.7402, 0, 0, 270],
		[40, "PAD13_4", 523.622, -353.5433, "B", "SMD", "RST", "", "R", 39.3701, 78.7402, 0, 0, 270],
		[41, "PAD14_5", 523.622, -424.4094, "B", "SMD", "VCC", "", "R", 39.3701, 78.7402, 0, 0, 270]
	]
}
}